date,chamber,keyword,context,url
2026-06-18,Senate,NGO,"ample, but I could also speak about Gaza, Haiti or Cuba. I could point you to Myanmar, the Democratic Republic of the Congo, Yemen, Afghanistan and, of course, Ukraine. Across the world, people are fleeing war, hunger and instability. Colleagu",https://sencanada.ca/en/content/sen/chamber/451/debates/086db_2026-06-18-e
2026-06-18,Senate,NGO,e experiences leave deep scars that stay with them well beyond childhood. Implementing these protections also requires ongoing investment. The Government of Canada announced an investment of more than $660 million over five years to step up ef,https://sencanada.ca/en/content/sen/chamber/451/debates/086db_2026-06-18-e
2026-06-18,Senate,NGO,tion reflects a deeper understanding of the various forms of violence and their consequences. Bill C-16 is part of the ongoing progression of our legislation. It demonstrates Canada’s commitment to remaining a leader in promoting human dignity,https://sencanada.ca/en/content/sen/chamber/451/debates/086db_2026-06-18-e
2026-06-18,Senate,NGO,"ot only because it better reflects the realities experienced by victims, but also because it helps distinguish between ongoing violent behaviour and violent acts of resistance. According to paragraph 193 of a recent Supreme Court ruling handed",https://sencanada.ca/en/content/sen/chamber/451/debates/086db_2026-06-18-e
2026-06-18,Senate,NGO,"n they are necessary, because they won’t have a crop if they don’t. Honourable senators, as Canadians continue to face ongoing economic pressures, including uncertainty in global trade and other profound shifts in our global landscape, it rema",https://sencanada.ca/en/content/sen/chamber/451/debates/086db_2026-06-18-e
2026-06-18,Senate,volunteer,"under section 2 of the Charter. Many of us in this chamber have engaged in political activities like seeking office and volunteering for political parties. (1640) Like the independent Senate and all of us, this matter of privacy is the new normal in",https://sencanada.ca/en/content/sen/chamber/451/debates/086db_2026-06-18-e
2026-06-18,Senate,community organization,"rom reporting the violence they are experiencing. A lack of visible injuries often masks the severity of the situation. Community organizations, police forces and front-line workers witness this type of violence every day. They respond to thousands of calls from",https://sencanada.ca/en/content/sen/chamber/451/debates/086db_2026-06-18-e
2026-06-18,Senate,community organization,"l Action Plan to End Gender-Based Violence and support work being done across the country by provinces, territories and community organizations. What we heard over and over from witnesses is that more resources are needed to counter the growing trend of delays i",https://sencanada.ca/en/content/sen/chamber/451/debates/086db_2026-06-18-e
2026-06-18,Senate,community organization,"ive reforms are accompanied by concrete measures on the ground. Witnesses emphasized the vital role played by shelters, community organizations and victim support services. They also stressed the importance of continuing training efforts for justice system pract",https://sencanada.ca/en/content/sen/chamber/451/debates/086db_2026-06-18-e
2026-06-18,Senate,civil society,"minate key environmental standards under the Species at Risk Act and the Impact Assessment Act. This broad coalition of civil society organizations concerned with protecting human health and the environment, along with advocates for evidence-informed de",https://sencanada.ca/en/content/sen/chamber/451/debates/086db_2026-06-18-e
2026-06-18,Senate,funding,uding: . . . promoting women’s economic equality with attention to intersectional needs and providing secure and stable funding to . . . support women in poverty to access economic and personal safety. The commission highlighted the experience of ,https://sencanada.ca/en/content/sen/chamber/451/debates/086db_2026-06-18-e
2026-06-18,Senate,funding,rs to new construction. This would flow directly from the passage of Bill C-26. Do you not agree that this is important funding going to the Province of B.C. to improve housing? Senator Housakos: There is no doubt it is important. What I would lov,https://sencanada.ca/en/content/sen/chamber/451/debates/086db_2026-06-18-e
2026-06-18,Senate,grant," move that the bill be placed on the Orders of the Day for third reading later this day. The Hon. the Speaker: Is leave granted, honourable senators? Hon. Senators: Agreed. (On motion of Senator Duncan, bill placed on the Orders of the Day for t",https://sencanada.ca/en/content/sen/chamber/451/debates/086db_2026-06-18-e
2026-06-18,Senate,grant," move that the bill be placed on the Orders of the Day for third reading later this day. The Hon. the Speaker: Is leave granted, honourable senators? Hon. Senators: Agreed. (On motion of Senator Varone, bill placed on the Orders of the Day for t",https://sencanada.ca/en/content/sen/chamber/451/debates/086db_2026-06-18-e
2026-06-18,Senate,grant,rising. Is there an agreement on the length of the bell? Hon. Senators: Fifteen minutes. The Hon. the Speaker: Is leave granted? Hon. Senators: Agreed. The Hon. the Speaker: The vote will take place at 2:35. Call in the senators. (1430) Motion a,https://sencanada.ca/en/content/sen/chamber/451/debates/086db_2026-06-18-e
2026-06-18,Senate,grant,"y eventually be elaborated through future policy or regulations. In other words, Parliament is being asked — again — to grant broad new powers without knowing precisely how the key concepts governing those powers will be interpreted. Good legisl",https://sencanada.ca/en/content/sen/chamber/451/debates/086db_2026-06-18-e
2026-06-18,Senate,grant, when products approved domestically failed to meet the expectations of foreign buyers. The lesson is simple: Approvals granted in Canada do not determine what foreign markets will accept. Weakening confidence in our regulatory system does not s,https://sencanada.ca/en/content/sen/chamber/451/debates/086db_2026-06-18-e
2026-06-18,Senate,grant,"ct was passed in 2002. Its primary purpose is to protect human health and the environment. However, the C-30 amendments grant cabinet broad authority to overrule the Health Minister and permit the use of a pesticide found to have unacceptable en",https://sencanada.ca/en/content/sen/chamber/451/debates/086db_2026-06-18-e
2026-06-18,Senate,grant,"nother five minutes to conclude? Senator Pate: Yes, 20 seconds, Your Honour. The Hon. the Speaker pro tempore: Is leave granted, honourable senators? Hon. Senators: Agreed. Senator Pate: Colleagues, as we pass yet another such bill, let us all c",https://sencanada.ca/en/content/sen/chamber/451/debates/086db_2026-06-18-e
2026-06-18,Senate,grant,"estions? Senator Pate: If it’s the will of the chamber. The Hon. the Speaker pro tempore: Honourable senators, is leave granted? Hon. Senators: Agreed. The Hon. the Speaker pro tempore: Leave is granted. Senator Dasko: Thank you, Senator Pate, f",https://sencanada.ca/en/content/sen/chamber/451/debates/086db_2026-06-18-e
2026-06-18,Senate,grant,ve agreement on the length of the bell? Some Hon. Senators: Fifteen minutes. The Hon. the Speaker pro tempore: Is leave granted? Hon. Senators: Yes. The Hon. the Speaker pro tempore: Leave is granted. The vote will happen at 4:27. Call in the se,https://sencanada.ca/en/content/sen/chamber/451/debates/086db_2026-06-18-e
2026-06-18,Senate,grant,g. Is there an agreement on the length of the bell? Some Hon. Senators: Fifteen minutes. The Hon. the Speaker: Is leave granted? Hon. Senators: Agreed. The Hon. the Speaker: The vote will take place at 5:23. Call in the senators. (1720) Motion a,https://sencanada.ca/en/content/sen/chamber/451/debates/086db_2026-06-18-e
2026-06-18,Senate,grant,Fund is there for emergencies — specific emergencies when you can’t go to Parliament in order to seek leave and have it granted for that fund to be used. It is really for extenuating circumstances. You will all be very hard-pressed to find circu,https://sencanada.ca/en/content/sen/chamber/451/debates/086db_2026-06-18-e
2026-06-18,Senate,grant,"would also like to see the immigration system fixed; it has been broken now for a decade. We have seen an influx of immigrants, though the government has curtailed it. They have made announcements about reducing the number of immigrants over the",https://sencanada.ca/en/content/sen/chamber/451/debates/086db_2026-06-18-e
2026-06-18,Senate,grant," If there is not an agreement, it will be one hour. Some Hon. Senators: Fifteen minutes. The Hon. the Speaker: Is leave granted for 15 minutes? Hon. Senators: Agreed. The Hon. the Speaker: Leave is granted. The vote will take place at 6:02. Call",https://sencanada.ca/en/content/sen/chamber/451/debates/086db_2026-06-18-e
2026-06-18,Senate,grant,"d during the pre-study of the bill by the Senate Committee on National Finance about these new exceptional powers being granted in Parts 7 and 8 of the legislation. In its report to the Senate on the pre-study of the bill, the committee commente",https://sencanada.ca/en/content/sen/chamber/451/debates/086db_2026-06-18-e
2026-06-18,Senate,grant,sue concerns the new provisions relating to airports. This is set out in Division 6 of Bill C-30. Proposed section 50.2 grants the Minister of Transport the general authority to collect information about the Canadian airport sector from a wide r,https://sencanada.ca/en/content/sen/chamber/451/debates/086db_2026-06-18-e
2026-06-18,Senate,grant,"s vision is for the future of this strategic infrastructure. Once again, as members of Parliament we are being asked to grant authority today without knowing exactly for what purpose it will be exercised tomorrow. I believe that the government w",https://sencanada.ca/en/content/sen/chamber/451/debates/086db_2026-06-18-e
2026-06-18,Senate,grant,"amework to cabinet. Once again, we see the same phenomenon observed in recent bills: greater discretionary powers being granted to the executive to meet objectives that are defined later by regulation. Some committee members have expressed conce",https://sencanada.ca/en/content/sen/chamber/451/debates/086db_2026-06-18-e
2026-06-18,Senate,grant,g. Is there an agreement on the length of the bell? Some Hon. Senators: Fifteen minutes. The Hon. the Speaker: Is leave granted for 15 minutes? Hon. Senators: Agreed. The Hon. the Speaker: The vote will take place at 7:05. Call in the senators. ,https://sencanada.ca/en/content/sen/chamber/451/debates/086db_2026-06-18-e
2026-06-18,Senate,grant,"ment of Royal Assent, to reassemble at the call of the chair with a fifteen-minute bell. The Hon. the Speaker: Is leave granted, honourable senators? Hon. Senators: Agreed. The Hon. the Speaker: Leave is granted. Accordingly, the sitting is susp",https://sencanada.ca/en/content/sen/chamber/451/debates/086db_2026-06-18-e
2026-06-18,Senate,grant,"f the day on September 25, 2026, with rule 12-18(2) being suspended in relation thereto. The Hon. the Speaker: Is leave granted, honourable senators? Hon. Senators: Agreed. The Hon. the Speaker: Is it your pleasure, honourable senators, to adopt",https://sencanada.ca/en/content/sen/chamber/451/debates/086db_2026-06-18-e
2026-06-18,Senate,grant," of the Senate and notwithstanding rule 5-13(2), I move: That the Senate do now adjourn. The Hon. the Speaker: Is leave granted, honourable senators? Hon. Senators: Agreed. ( At 8:26 p.m., the Senate was continued until Monday, September 28, 202",https://sencanada.ca/en/content/sen/chamber/451/debates/086db_2026-06-18-e
